Shop ID,Tên dự án,Website,Ngành hàng,Hoa hồng,Cookie (ngày),Tỷ lệ chi trả (Payout Rate),Tỷ lệ duyệt (Approval Rate),Điểm Offer (Offer Score),Traffic T6/2026,Traffic T7/2026,Traffic T8/2026,Tăng trưởng (%),Search Ads,Link đăng ký,Quốc gia cho phép
158034,Case X Kingdom,https://casexkingdom.com,"Phone & Telecommunication, Art",20% per order,30,98.65%,100%,3.62,2223,2970,3577,+60.9%,Cho phép,https://af.uppromote.com/CaseXKingdom/register,Toàn cầu (Không giới hạn)
167375,https://silkberrybaby.com/,https://silkberrybaby.com,"Mom & Kids, Fashion, Others",10% per order,7,98.47%,100%,3.57,1935,2466,2536,+31.1%,Cho phép,https://af.uppromote.com/silkberrybaby/register,"Canada, United States"
120199,Lightkiwi,https://www.lightkiwi.com,"Home & Tools, Garden & Outdoors",6% per order,30,96.49%,100%,3.24,5391,7185,12420,+130.4%,Cho phép,https://af.uppromote.com/391f67/register,Toàn cầu (Không giới hạn)
176634,ICEEDRIP,https://www.iceedrip.com,Jewelry & Accessories,25% per order,1,100%,100%,3.12,3859,3964,4741,+22.9%,Cho phép,https://af.uppromote.com/iceedripjewelry/register,Toàn cầu (Không giới hạn)
171625,Maverick Pure Water,https://maverickpurewater.com,"Beauty & Health, Home & Tools",£10.00 per order,30,60.2%,100%,2.32,15446,16194,20889,+35.2%,Cho phép,https://af.uppromote.com/maverick-pure-water/register,Toàn cầu (Không giới hạn)
253431,Sup With Me Coffee,https://supwithmecoffee.com,"Apparel & Accessories, Food, Beverages & Tobacco",12% per order,30,50%,100%,2.2800000000000002,0,551,1868,+186800.0%,Cho phép,https://af.uppromote.com/vfmtse-dx/register,Toàn cầu (Không giới hạn)
244494,Last Call Society,https://www.lastcallsociety.com,"Services, Media, Food, Beverages & Tobacco",20% per order,90,12.5%,100%,2.2,1013,1957,2897,+186.0%,Cho phép,https://affiliate.lastcallsociety.com/lastcallsociety/register,United States
258845,Victory Musical Instruments,https://www.victorymusical.com,Electronics,3.50% per order,30,57.14%,100%,2.09,5040,6556,9275,+84.0%,Cho phép,https://af.uppromote.com/victorymusical/register,Toàn cầu (Không giới hạn)
157134,Mycoterra Farm,https://shop.mycoterrafarm.com/,"Beauty & Health, Garden & Outdoors",15% per order,30,92.86%,100%,2,0,1118,4847,+484700.0%,Cho phép,https://af.uppromote.com/mycoterra-farm/register,Toàn cầu (Không giới hạn)
208926,T.E.R,https://terglow.com,Beauty & Health,10% per order,30,0%,100%,1.8199999999999998,1668,2330,2441,+46.3%,Cho phép,https://af.uppromote.com/07f601/register,Toàn cầu (Không giới hạn)
241631,Wall of the Wild,https://www.wallsofthewild.com,"Mom & Kids, Retail & Consumer goods, Others",15% per order,30,0%,100%,1.7,1391,1736,2310,+66.1%,Cho phép,https://af.uppromote.com/wild-walls-decals/register,Toàn cầu (Không giới hạn)
115278,Ditch Plains Press,https://ditchplainspress.com,"Books, Art, Fashion",8% per order,30,100%,100%,1.65,1110,1820,3100,+179.3%,Cho phép,https://af.uppromote.com/ditchplainspress/register,Toàn cầu (Không giới hạn)
92230,Biervaneigenbodem,https://www.biervaneigenbodem.nl,"Grocery & Food, Retail & Consumer goods, Others",8% per order,30,44.07%,100%,1.6400000000000001,5770,5831,6967,+20.7%,Cho phép,https://af.uppromote.com/biervaneigenbodem/register,Toàn cầu (Không giới hạn)
12419,Rockledge Designs LLC,https://shoprockledgedesigns.com,Fashion,10% per order,30,100%,100%,1.37,948,1598,2250,+137.3%,Cho phép,https://af.uppromote.com/rockledge-designs/register,Toàn cầu (Không giới hạn)
236705,The Aesthetics Spa,https://theaestheticsspa.com,Beauty & Health,15% per order,30,0%,100%,1.17,4648,4725,13998,+201.2%,Cho phép,https://af.uppromote.com/iiw9k8-hj/register,Toàn cầu (Không giới hạn)
124125,Tomorrows Offers,https://tomorrowsoffers.com,"Jewelry & Accessories, Others, Fashion",15% per order,30,100%,100%,0.95,0,869,1903,+190300.0%,Cho phép,https://af.uppromote.com/tomorrowsoffers/register,Toàn cầu (Không giới hạn)
252663,Dymesty AI Glasses,https://dymesty.com/pages/ai-glasses-cook-edge,Electronics,10% per order,90,0%,100%,,42117,52375,55998,+33.0%,Cho phép,https://af.uppromote.com/5iisz0-b1/register,Toàn cầu (Không giới hạn)
273186,AFewVibe,https://afewvibe.com/,Apparel & Accessories,12%-20% per order,30,25%,100%,,7957,32462,43409,+445.5%,Cho phép,https://af.uppromote.com/0mpnhi-cw/register,Toàn cầu (Không giới hạn)
268026,Key-Trade Trading Keyboards,https://key-trade.net,"Electronics, Hardware, Uncategorized",5% per order,30,No data yet,100%,,1378,4268,32581,+2264.4%,Cho phép,https://af.uppromote.com/key-trade/register,Toàn cầu (Không giới hạn)
276617,YOFIDRA,https://yofidratool.com,"Garden & Outdoors, Hardware, Business & Industrial",13% per order,30,90.91%,100%,,7959,23641,31256,+292.7%,Cho phép,https://af.uppromote.com/yofidratools/register,Toàn cầu (Không giới hạn)
274792,CRISAN Beauty,https://crisanbeauty.com,Beauty & Health,18% per order,30,100%,100%,,1529,9056,13909,+809.7%,Cho phép,https://af.uppromote.com/cvfdtc-0u/register,Toàn cầu (Không giới hạn)
268103,Rollz Europe PL,https://rollz.pl/,"Health & Beauty, Food, Beverages & Tobacco",5% per order,30,No data yet,100%,,0,11222,13594,+1359400.0%,Cho phép,https://af.uppromote.com/rollz-europe-plus/register,Toàn cầu (Không giới hạn)
202776,Pulse Dance Shoes,https://www.pulsedanceshoes.com,"Fashion, Sports & Entertainment, Others",10% per order,30,73.61%,100%,,4486,7911,12173,+171.4%,Cho phép,https://af.uppromote.com/PulseDanceShoes/register,Toàn cầu (Không giới hạn)
153741,cashymart,https://cashymart.com,"Beauty & Health, Pet supplies, Toys & Hobbies",15% per order,30,0%,100%,,8073,10732,11479,+42.2%,Cho phép,https://af.uppromote.com/cashymart/register,Toàn cầu (Không giới hạn)
272859,The UK Hair and Beauty Awards,https://hairandbeautyawards.co.uk,"Beauty & Health, Art",15% per order,30,62.96%,100%,,3986,6579,11086,+178.1%,Cho phép,https://af.uppromote.com/hair-and-beauty-awards/register,Toàn cầu (Không giới hạn)
278098,Gadgetry Club,https://gadgetryclub.com,"Electronics, Garden & Outdoors, Computers & Office",20% per order,30,No data yet,100%,,490,5259,10684,+2080.4%,Cho phép,https://af.uppromote.com/gadgetry-club/register,Toàn cầu (Không giới hạn)
221865,TRAVEL DUDE,https://travel-dude.com,"Retail & Consumer goods, Travel",15% per order,30,53.81%,100%,,4291,7844,8725,+103.3%,Cho phép,https://partners.travel-dude.com/traveldude/register,Toàn cầu (Không giới hạn)
270696,Biokitty,https://biokitty.co.uk,Animals & Pet Supplies,£5.00 per order,30,No data yet,100%,,6228,7590,7934,+27.4%,Cho phép,https://af.uppromote.com/Biokitty/register,Toàn cầu (Không giới hạn)
269396,Metalife,https://www.metalifeshop.com,Sporting Goods,30% per order,30,0%,100%,,1463,3490,7841,+436.0%,Cho phép,https://af.uppromote.com/nyh2cw-1n/register,Toàn cầu (Không giới hạn)
270349,Chazoku,https://chazoku.com,"Grocery & Food, Retail & Consumer goods, Beauty & Health",30% per order,30,82.35%,100%,,4893,7330,7481,+52.9%,Cho phép,https://af.uppromote.com/chazoku-drinks/register,Toàn cầu (Không giới hạn)
284461,Happy Candy Kingdom,https://www.happycandykingdom.com,Grocery & Food,10% per order,30,No data yet,100%,,0,120,5938,+593800.0%,Cho phép,https://af.uppromote.com/5zjtje-v0/register,Toàn cầu (Không giới hạn)
286007,Samurai Paint Malaysia,https://samuraipaint.com,"Home & Tools, Automobiles & Motorcycles",10% per order,30,No data yet,100%,,1358,1751,2569,+89.2%,Cho phép,https://af.uppromote.com/samurai-2k-internal-partner-store/register,Toàn cầu (Không giới hạn)
182444,Petgrove,https://petgrove.com,Pet supplies,10% per order,30,No data yet,100%,,0,309,828,+82800.0%,Cho phép,https://af.uppromote.com/petgrove-affiliate-program/register,Toàn cầu (Không giới hạn)
265122,August Publishing House,https://augustpublishinghouse.com,Media,20% per order,30,No data yet,100%,,0,349,660,+66000.0%,Cho phép,https://af.uppromote.com/augustpublishinghouse/register,Toàn cầu (Không giới hạn)
96984,Shopinverse,https://shopinverse.com,"Computers & Office, Electronics",5% per order,30,97.59%,99.96%,4.92,98148,151537,193385,+97.0%,Cho phép,https://affiliate.shopinverse.com/shopinverse/register,Toàn cầu (Không giới hạn)
137502,JenniBag,https://jennibag.com/products/jennitravelbag-2,"Fashion, Beauty & Health",20% per order,30,99.48%,99.77%,4.97,52473,71096,88730,+69.1%,Cho phép,https://af.uppromote.com/aa601b-3/register,Toàn cầu (Không giới hạn)
278354,Some Slight Clothing,https://someslight.com,Fashion,15% per order,30,No data yet,99.73%,,18574,24254,30933,+66.5%,Cho phép,https://af.uppromote.com/some-slight-clothing/register,"Canada, United States"
87558,Enforce Media,https://enforcemedia.com,"Fashion, Sports & Entertainment, Others",5% per order,30,100%,99.71%,1.8199999999999998,1140,2332,3994,+250.4%,Cho phép,https://partner.enforcemedia.com/enforcemedia/register,Toàn cầu (Không giới hạn)
109409,Vibrant Souls,https://soulvibrance.com,"Beauty & Health, Mom & Kids, Wellness & Lifestyle",20% per order,30,100%,99.69%,2.13,1216,1303,3343,+174.9%,Cho phép,https://af.uppromote.com/vibrantsouls/register,Toàn cầu (Không giới hạn)
80831,Blushwood Health,https://blushwood.health/,Beauty & Health,10% per order,30,74.19%,99.66%,2.36,0,1332,2779,+277900.0%,Cho phép,https://af.uppromote.com/blushwood-health/register,Toàn cầu (Không giới hạn)
55829,Balldo,https://www.balldo.com,"Beauty & Health, Toys & Hobbies, Others",10% per order,30,75.77%,99.56%,2.94,12664,18338,20856,+64.7%,Cho phép,https://af.uppromote.com/balldo/register,Toàn cầu (Không giới hạn)
78195,fr.ctronics,https://fr.ctronics.com,"Home & Tools, Garden & Outdoors, Electronics",0% per order,30,88.46%,99.51%,2.54,9741,17661,42795,+339.3%,Cho phép,https://af.uppromote.com/fr-ctronics/register,Toàn cầu (Không giới hạn)
28217,Octocurl®,https://www.octocurl.com,"Beauty & Health, Mom & Kids",15% per order,90,98.55%,99.49%,3.07,14839,21441,21678,+46.1%,Cho phép,https://af.uppromote.com/octocurl/register,Toàn cầu (Không giới hạn)
185592,Clohill,https://www.clohill.com,"Sports & Entertainment, Garden & Outdoors, Others",10% per order,30,99.52%,99.47%,3.38,7522,9481,19541,+159.8%,Cho phép,https://af.uppromote.com/clohill/register,"Australia, Canada, United States"
65748,RainPoint,https://www.rainpointonline.com/,"Home & Tools, Garden & Outdoors, Others",5% per order,30,95.4%,99.39%,2.6,73862,88538,125125,+69.4%,Cho phép,https://af.uppromote.com/rainpoint/register,Toàn cầu (Không giới hạn)
90895,myFirst US,https://us.myfirst.tech,"Electronics, Mom & Kids",10%-25% per order,15,32.59%,99.32%,3.14,15632,16273,20086,+28.5%,Cho phép,https://af.uppromote.com/myfirstofficial-us/register,Toàn cầu (Không giới hạn)
246643,CGI Green,https://cgi-green.com,"Beauty & Health, Wellness & Lifestyle",15% per order,60,45.63%,99.3%,3.52,6649,21725,27399,+312.1%,Cho phép,https://af.uppromote.com/cgi-green-2/register,Toàn cầu (Không giới hạn)
70642,SwiftNet Wifi,https://swiftnetwifi.com,Phone & Telecommunication,$30.00 per item,30,80.7%,99.23%,3.33,20923,39163,48492,+131.8%,Cho phép,https://refer.swiftnetwifi.com/SwiftNet/register,Toàn cầu (Không giới hạn)
248425,Soldiers Nutrition,https://www.soldiersnutrition.com.br/,"Sports & Entertainment, Wellness & Lifestyle, Beauty & Health",7% per order,30,2.87%,99.23%,,305989,384915,482697,+57.7%,Cho phép,https://af.uppromote.com/soldiersnutrition/register,Toàn cầu (Không giới hạn)
74745,Lockeroom,https://lockeroom.online,"Sports & Entertainment, Beauty & Health",10% per order,90,85.92%,99.21%,2.4699999999999998,2550,2663,3091,+21.2%,Cho phép,https://partners.lockeroom.online/lockeroom/register,Toàn cầu (Không giới hạn)
63510,Enjoy The Wood,https://enjoythewood.com,"Home & Tools, Garden & Outdoors, Art",15% per order,7,91.41%,99.19%,4.12,100233,117810,142455,+42.1%,Cho phép,https://af.uppromote.com/enjoythewood/register,"Belarus, Russia"
102586,RETECHTRONICS,https://retechtronics.com,"Computers & Office, Electronics",15% per order,30,25.93%,99.12%,1.9,9654,17329,19367,+100.6%,Cho phép,https://af.uppromote.com/wil-estate-investment-llc/register,Toàn cầu (Không giới hạn)
244938,Jaca,https://jacasugar.com,"Food, Beverages & Tobacco",15% per order,60,81.82%,99%,3.24,5081,6701,8137,+60.1%,Cho phép,https://af.uppromote.com/y5vhmt-c2/register,Toàn cầu (Không giới hạn)
108502,MYXCAPE,https://myxcape.com,Beauty & Health,10%-15% per order,60,89.61%,98.98%,2.39,394,516,589,+49.5%,Cho phép,https://af.uppromote.com/xcape-by-edith-delight/register,Toàn cầu (Không giới hạn)
198906,RayCue,https://www.raycue.com,"Computers & Office, Gaming, Electronics",10% per order,30,50.7%,98.92%,3.12,35758,43528,49441,+38.3%,Cho phép,https://af.uppromote.com/raycue/register,Toàn cầu (Không giới hạn)
283149,MASON US,https://masonclothing.com,Fashion,15% per order,30,0%,98.88%,,30922,46148,68178,+120.5%,Cho phép,https://af.uppromote.com/vxfy2k-ag/register,Toàn cầu (Không giới hạn)
152140,TheLibraryCloset,https://thelibrarycloset.com,Fashion,$10.00 per order,30,93.54%,98.84%,4.25,5709,8227,25410,+345.1%,Cho phép,https://affiliates.thelibrarycloset.com/bcfcd2/register,Toàn cầu (Không giới hạn)
195156,Fishing Superstore,https://fishingsuperstore.com.au,"Garden & Outdoors, Sports & Entertainment",15% per order,30,96.08%,98.77%,3.5300000000000002,7306,7765,8302,+13.6%,Cho phép,https://af.uppromote.com/fishing-superstore-au/register,Toàn cầu (Không giới hạn)
123703,MILA MVMT,https://milamvmt.com,Fashion,15% per order,15,53.85%,98.77%,1.6600000000000001,1281,1902,2242,+75.0%,Cho phép,https://af.uppromote.com/milamvmt/register,Toàn cầu (Không giới hạn)
199322,Magcubic™,https://magcubic.com,"Home & Tools, Electronics",6% per order,30,76.18%,98.75%,3.83,162090,187495,226956,+40.0%,Cho phép,https://af.uppromote.com/98e523-65/register,"Australia, Austria, Belgium, Bulgaria, Canada, Chile, Croatia, Cyprus, Czech Republic, Denmark, Egypt, Finland, France, Germany, Greece, Hungary, Italy, Latvia, Lithuania, Luxembourg, Malaysia, Netherlands, Norway, Poland, Portugal, Romania, Russia, Spain, Sweden, Switzerland, Taiwan, United Arab Emirates, United Kingdom, United States"
100990,MOBO,https://mymobo.com,"Sports & Entertainment, Beauty & Health, Wellness & Lifestyle",15% per order,60,46.15%,98.65%,2.26,2351,2756,3395,+44.4%,Cho phép,https://af.uppromote.com/mobo-affiliate/register,Toàn cầu (Không giới hạn)
90298,QuoteMyWall,https://www.quotemywall.co.uk,"Beauty & Health, Home & Tools, Mom & Kids",10% per order,30,61.31%,98.62%,4.07,11555,12646,14238,+23.2%,Cho phép,https://af.uppromote.com/quotemywall/register,Toàn cầu (Không giới hạn)
129749,Luca's Gift,https://lucasgift.com,"Fashion, Jewelry & Accessories, Home & Tools",5% per order,30,60.32%,98.61%,1.92,24140,24646,27530,+14.0%,Cho phép,https://affiliate.lucasgift.com/lucasgift/register,Toàn cầu (Không giới hạn)
153249,Lombardi Golf,https://lombardigolf.com,Sports & Entertainment,10% per order,60,82.76%,98.56%,2.44,1681,1870,2190,+30.3%,Cho phép,https://af.uppromote.com/075fda-3/register,Toàn cầu (Không giới hạn)
203940,Crossbank Clothing,https://crossbankclothing.com,"Fashion, Sports & Entertainment, Toys & Hobbies",15% per order,30,100%,98.51%,1.55,1385,2798,3408,+146.1%,Cho phép,https://af.uppromote.com/615d5f-b9/register,Toàn cầu (Không giới hạn)
232529,otakurug,https://otakurug.com,"Art, Home & Tools",10% per order,30,97.37%,98.48%,2.84,7334,16538,23821,+224.8%,Cho phép,https://af.uppromote.com/h8ztiv-eg/register,Toàn cầu (Không giới hạn)
122296,TB Cosmetics,https://tbcosmeticsofficial.com,Beauty & Health,25% per order,30,96.6%,98.42%,3.41,1306,1646,2556,+95.7%,Cho phép,https://affiliates.tbcosmeticsofficial.com/tbcosmetics/register,Toàn cầu (Không giới hạn)
264837,SammiBee,https://www.sammibeejewelry.com,,20% per order,30,No data yet,98.28%,1.67,706,1335,1806,+155.8%,Cho phép,https://af.uppromote.com/ifsbei-mm/register,Toàn cầu (Không giới hạn)
238869,Motivo Decor,https://motivodecor.com,"Art, Furniture, Garden & Outdoors",10% per order,30,14.29%,98.21%,2.1,4416,7487,8001,+81.2%,Cho phép,https://af.uppromote.com/motivodecor/register,Toàn cầu (Không giới hạn)
239809,Arq8,https://arq-8.com,Health & Beauty,25% per order,30,85.81%,98.17%,3.86,14204,20045,37161,+161.6%,Cho phép,https://af.uppromote.com/0pgdfx-sp/register,Toàn cầu (Không giới hạn)
83740,Amor Custom Gifts,https://www.amorcustomgifts.com,"Home & Tools, Mom & Kids, Toys & Hobbies",10% per order,2,80%,98.13%,2.87,9643,10539,17147,+77.8%,Cho phép,https://af.uppromote.com/amorcustomgifts/register,Toàn cầu (Không giới hạn)
254991,RHINOBUILD,https://www.rhinobuild.co.uk,Business & Industrial,8% per order,30,77.14%,98.08%,3.26,8121,11437,14356,+76.8%,Cho phép,https://af.uppromote.com/rhino-build/register,Toàn cầu (Không giới hạn)
262132,GOOBS,https://trygoobs.com,"Food, Beverages & Tobacco",15% per order,30,0%,98.04%,1.72,359,433,3395,+845.7%,Cho phép,https://af.uppromote.com/czzwsn-h1/register,Toàn cầu (Không giới hạn)
220011,RebirthAthletics,https://rebirthathletics.com,Fashion,10% per order,30,45%,98.01%,2.5,615,1529,2229,+262.4%,Cho phép,https://af.uppromote.com/rebirthathletics/register,Toàn cầu (Không giới hạn)
158514,Erayak Power,https://erayakpower.com,"Home & Tools, Garden & Outdoors",7% per order,30,95.97%,97.99%,3.68,46924,57088,64669,+37.8%,Cho phép,https://af.uppromote.com/erayakpower/register,Toàn cầu (Không giới hạn)
166989,Glamour Boutique,https://www.theglamourboutiques.com,"Home & Tools, Beauty & Health, Mom & Kids",15% per order,30,100%,97.92%,3.22,2626,2690,3506,+33.5%,Cho phép,https://af.uppromote.com/GlamourBoutique/register,Toàn cầu (Không giới hạn)
172443,Igluu Meal Prep,https://igluumealprep.com,"Beauty & Health, Grocery & Food, Home & Tools",5% per order,30,87.82%,97.89%,3.07,8867,10614,10868,+22.6%,Cho phép,https://af.uppromote.com/igluu-meal-prep/register,Toàn cầu (Không giới hạn)
272176,Die Ölfreunde,https://dieoelfreunde.de,"Others, Grocery & Food",4% per order,30,82.28%,97.83%,,10782,12783,24637,+128.5%,Cho phép,https://affiliates.dieoelfreunde.de/die-olfreunde/register,Toàn cầu (Không giới hạn)
266162,DECOSIGNATURE,https://decosignature.shop,Home & Garden,$25.00 per order,30,0%,97.71%,1.1400000000000001,7842,11711,25385,+223.7%,Cho phép,https://af.uppromote.com/decosignature/register,Toàn cầu (Không giới hạn)
171103,KOSHINE,https://www.koshinemall.com,Beauty & Health,15% per order,30,No data yet,97.7%,2.85,26967,58951,65556,+143.1%,Cho phép,https://af.uppromote.com/e261c2-c3/register,Toàn cầu (Không giới hạn)
118240,Thailand Betta Fish,https://thailandbettafish.com,Pet supplies,20% per order,30,97.96%,97.68%,3.99,36772,47358,60825,+65.4%,Cho phép,https://af.uppromote.com/thailand-betta/register,Toàn cầu (Không giới hạn)
159534,kidsera,https://kidsera.com,Toys & Hobbies,5% per order,30,57.14%,97.67%,1.8399999999999999,1540,1720,2119,+37.6%,Cho phép,https://af.uppromote.com/kidseratoys/register,Toàn cầu (Không giới hạn)
11414,Trünk Moves,https://trunkmoves.com,"Home & Tools, Mom & Kids, Others",$25.00 per item,300,13.91%,97.66%,1.71,1223,1483,2197,+79.6%,Cho phép,https://af.uppromote.com/trunk-moves/register,Toàn cầu (Không giới hạn)
228770,autel-us.com,https://autel-us.com,"Automobiles & Motorcycles, Electronics, Software & Digital products",5% per order,30,51.25%,97.6%,2.86,19788,20974,26103,+31.9%,Cho phép,https://af.uppromote.com/668194-69/register,Toàn cầu (Không giới hạn)
155435,Posy Paper Co.,https://posypaper.com,Others,10% per order,30,23.53%,97.56%,2.31,9744,11427,11722,+20.3%,Cho phép,https://af.uppromote.com/posy-paper/register,Toàn cầu (Không giới hạn)
164033,Towildbike,https://towildbikes.com,"Others, Sports & Entertainment, Automobiles & Motorcycles",8%-15% per order,30,82.66%,97.41%,3.84,10681,12399,20053,+87.7%,Cho phép,https://af.uppromote.com/towild/register,Toàn cầu (Không giới hạn)
32432,Ammpoure,https://www.ammpoure.com,"Beauty & Health, Wellness & Lifestyle, Retail & Consumer goods",25% per order,30,16.67%,97.37%,3.5,21290,23338,25438,+19.5%,Cho phép,https://af.uppromote.com/ammpoure/register,Toàn cầu (Không giới hạn)
207789,Safeguard Labs,https://safeguardlabs.com,Beauty & Health,30% per order,30,0%,97.33%,2.82,0,165,194,+19400.0%,Cho phép,https://af.uppromote.com/i1vs4g-6t/register,Toàn cầu (Không giới hạn)
209781,Zicana Boutique,https://www.zicanaboutique.com,"Fashion, Home & Tools, Retail & Consumer goods",10% per order,180,92%,97.22%,2.5,18348,23071,25894,+41.1%,Cho phép,https://af.uppromote.com/190b16-2/register,United States
56910,Iset by Nature,https://isetbynature.com,"Beauty & Health, Grocery & Food",5% per order,30,72.81%,97.18%,2.08,1704,2056,2664,+56.3%,Cho phép,https://af.uppromote.com/isetbynature/register,Toàn cầu (Không giới hạn)
256822,Unicorn Tears Skincare,https://getunicorntears.com,Health & Beauty,15% per order,30,83.33%,97.14%,1.9100000000000001,1173,1308,1464,+24.8%,Cho phép,https://af.uppromote.com/getunicorntears/register,Toàn cầu (Không giới hạn)
121040,SENSEBYMEI,https://sensebymei.com,Fashion,10% per order,30,No data yet,97.14%,1.67,2705,3035,3170,+17.2%,Cho phép,https://aff.sensebymei.com/sensebymei/register,Toàn cầu (Không giới hạn)
66409,K-SKIN BOUTIQUE,https://kskinboutique.com,Beauty & Health,10% per order,7,47.32%,97.12%,3.03,6123,8581,10350,+69.0%,Cho phép,https://af.uppromote.com/kskinboutique/register,Toàn cầu (Không giới hạn)
255842,The Grip Comb,https://www.thegripcomb.com,Health & Beauty,15% per order,30,100%,97.09%,3.41,6308,7319,7794,+23.6%,Cho phép,https://af.uppromote.com/the-grip-comb/register,Toàn cầu (Không giới hạn)
190391,NUUD,https://nuudpleasures.com,"Beauty & Health, Others",30% per order,30,32.63%,97.09%,2.64,2163,4931,6396,+195.7%,Cho phép,https://af.uppromote.com/smokenuud/register,United States
173177,TABASQUISHY®,https://tabasquishy.com,Toys & Hobbies,12% per order,30,99.07%,97.08%,4.77,157086,168350,200069,+27.4%,Cho phép,https://af.uppromote.com/6b3e16-2/register,Toàn cầu (Không giới hạn)
209652,CaseBang,https://casebang.com,"Electronics, Toys & Hobbies, Phone & Telecommunication",10% per order,30,66.62%,97.08%,3.55,46422,78315,210313,+353.0%,Cho phép,https://af.uppromote.com/casebang/register,Toàn cầu (Không giới hạn)
251604,AETHELSOHN,https://aethelsohnwatch.com,Apparel & Accessories,5% per order,20,60.19%,96.95%,2.86,18936,45260,59643,+215.0%,Cho phép,https://af.uppromote.com/trevjw-uj/register,Toàn cầu (Không giới hạn)
259825,Mediwares,https://mediwares.com,Health & Beauty,20% per order,30,100%,96.92%,1.8900000000000001,5844,6291,9732,+66.5%,Cho phép,https://af.uppromote.com/mediwares/register,Toàn cầu (Không giới hạn)
148552,NICEHCK Audio,https://nicehck.com,Electronics,8%-10% per order,30,95.09%,96.69%,,64713,72143,73867,+14.1%,Cho phép,https://partner.nicehck.com/1cf601-18/register,"Canada, Colombia, Czech Republic, Denmark, Estonia, Falkland Islands, Finland, France, Germany, Greece, Greenland, Hong Kong SAR China, Iceland, India, Indonesia, Israel, Italy, Japan, Latvia, Mexico, Netherlands, New Zealand, Norway, Qatar, Romania, Russia, Singapore, South Korea, Spain, Swaziland, Sweden, Taiwan, Turkey, Ukraine, United Kingdom, United States"
237606,HaloPlasma,https://haloplasma.com,Electronics,12% per order,30,76.52%,96.61%,3.01,7345,9756,9874,+34.4%,Cho phép,https://af.uppromote.com/1018hg-hn/register,Toàn cầu (Không giới hạn)
219871,Extend-A-Reach,https://www.extend-a-reach.com,"Business & Professional services, Garden & Outdoors, Home & Tools",5%-10% per order,30,89.33%,96.55%,4.07,20212,27648,33777,+67.1%,Cho phép,https://af.uppromote.com/extand-a-reach/register,"Canada, United States"
211430,Voyager Life Limited,https://voyagerlife.co.uk,"Beauty & Health, Pet supplies, Wellness & Lifestyle",12% per order,30,4.17%,96.55%,2.61,4113,4781,7246,+76.2%,Cho phép,https://af.uppromote.com/985c51-48/register,Toàn cầu (Không giới hạn)
242198,Proud of Christ,https://proudofchrist.com,"Religious & Ceremonial, Apparel & Accessories, Uncategorized",10% per order,30,50%,96.48%,2.3,2433,4178,7048,+189.7%,Cho phép,https://affiliates.proudofchrist.com/ProudOfChrist/register,Toàn cầu (Không giới hạn)
216220,Dreamroo,https://dreamroo.com,"Mom & Kids, Home & Tools",10% per order,30,96.15%,96.35%,2.4,4340,5956,10356,+138.6%,Cho phép,https://af.uppromote.com/dreamroo/register,Toàn cầu (Không giới hạn)
247165,NUOTIE Model,https://nuotie.com,Toys & Games,10% per order,30,97.14%,96.33%,2.77,6448,7998,8003,+24.1%,Cho phép,https://af.uppromote.com/nuotie/register,Toàn cầu (Không giới hạn)
202190,WOSPORTS,https://wosports.com,"Garden & Outdoors, Sports & Entertainment",20% per order,30,33.33%,95.88%,1.74,10796,13130,15452,+43.1%,Cho phép,https://af.uppromote.com/wosports/register,Toàn cầu (Không giới hạn)
167909,Metal Decor 4U,https://metaldecor4u.com,"Home & Tools, Garden & Outdoors",15% per order,30,No data yet,95.83%,0.95,1151,1200,1818,+57.9%,Cho phép,https://af.uppromote.com/b558c9-d4/register,Toàn cầu (Không giới hạn)
43012,Go Nutrients,https://www.gonutrients.com,Beauty & Health,15% per order,7,99.31%,95.45%,2.48,1202,1887,2789,+132.0%,Cho phép,https://af.uppromote.com/gonutrients/register,United States
259973,Figuro,https://getfiguro.com,"Uncategorized, Arts & Entertainment, Toys & Games",10%-15% per order,30,80%,95.31%,2.2,6414,9064,13854,+116.0%,Cho phép,https://af.uppromote.com/figuro/register,Toàn cầu (Không giới hạn)
276677,partsphoenix,https://partsphoenix.com,"Vehicles & Parts, Business & Industrial, Hardware",12% per order,30,100%,95.24%,,1299,4323,4774,+267.5%,Cho phép,https://affiliate.partsphoenix.com/jiya1m-si/register,Toàn cầu (Không giới hạn)
220638,Primabiotic USA,https://primabiotic.com,"Beauty & Health, Wellness & Lifestyle, Sports & Entertainment",10% per order,30,90.7%,95.16%,3.2800000000000002,7542,9969,11425,+51.5%,Cho phép,https://affiliate.primabiotic.com/1r5ueb-10/register,United States
276828,Modern Chandelier,https://modernchandelier.com,Garden & Outdoors,8% per order,30,No data yet,95%,,4999,9376,10166,+103.4%,Cho phép,https://af.uppromote.com/sztnhb-1t/register,Toàn cầu (Không giới hạn)
130892,Giri Trading Agency Private Limited,https://giri.in,"Books, Art, Religion & Spirituality",5% per order,30,0%,94.44%,,253410,290804,449952,+77.6%,Cho phép,https://af.uppromote.com/giri/register,Toàn cầu (Không giới hạn)
225923,Commercial Cleaning Depot,https://commercialcleaningdepot.com,Others,3%-5% per order,30,19.05%,94.34%,2.69,102155,111310,132641,+29.8%,Cho phép,https://partners.commercialcleaningdepot.com/6aa49e-4a/register,Toàn cầu (Không giới hạn)
258841,Advanced Functional Medicine Supplements,https://afmsupplements.com,Health & Beauty,10% per order,30,0%,94.12%,1.99,1244,2020,2949,+137.1%,Cho phép,https://af.uppromote.com/advanced-functional-medicine-supplements/register,Toàn cầu (Không giới hạn)
201109,Maono,https://www.maono.com,"Gaming, Computers & Office, Electronics",10% per order,90,53.71%,93.38%,3.32,339614,410159,414105,+21.9%,Cho phép,https://af.uppromote.com/maono/register,Toàn cầu (Không giới hạn)
259310,PEA for PAIN,https://relievetherapeutics.com.au,Health & Beauty,20% per order,30,100%,93.33%,1.52,1127,2686,4413,+291.6%,Cho phép,https://af.uppromote.com/pea-for-pain/register,Toàn cầu (Không giới hạn)
270068,SaveClickShop,https://saveclickshop.com,Uncategorized,10% per order,30,No data yet,92.86%,,7787,9364,12270,+57.6%,Cho phép,https://partners.saveclickshop.com/saveclickshop/register,Toàn cầu (Không giới hạn)
276676,Inspiriko,https://inspiriko.co.uk,Beauty & Health,18% per order,30,100%,92%,,12877,16328,21138,+64.2%,Cho phép,https://af.uppromote.com/inspiriko/register,Toàn cầu (Không giới hạn)
217356,Brainwave3D,https://brainwave3d.com,"Wellness & Lifestyle, Religion & Spirituality, Beauty & Health",25% per order,30,60.38%,91.9%,3.09,5737,7640,18350,+219.9%,Cho phép,https://af.uppromote.com/97d186-3/register,Toàn cầu (Không giới hạn)
163970,Seldom Seen Styles,https://seldomseenstyles.com,Fashion,25% per order,30,100%,91.53%,2.67,2062,3507,4523,+119.4%,Cho phép,https://af.uppromote.com/21c525-b8/register,Toàn cầu (Không giới hạn)
168662,Bitcoin Shirt,https://bitcoinshirt.com,Fashion,10% per order,30,75%,91.11%,1.47,954,1829,2017,+111.4%,Cho phép,https://af.uppromote.com/the-crypto-world/register,Toàn cầu (Không giới hạn)
175940,"TMC Industries, Inc.",https://tmcindustries.com/collections/all,Others,10% per order,90,65.31%,90.59%,3.16,20593,20708,23283,+13.1%,Cho phép,https://af.uppromote.com/tmc-industries-inc/register,Toàn cầu (Không giới hạn)
231580,AlfredCamera,https://shop.alfred.camera,"Electronics, Home & Tools, Garden & Outdoors",5% per order,30,28.74%,90.24%,3.8,27033,27049,33506,+23.9%,Cho phép,https://affiliate.alfred.camera/alfredcam-store-tw/register,Toàn cầu (Không giới hạn)
100162,Liberty Copper,https://www.libertycopper.net,"Art, Toys & Hobbies, Others",5% per order,30,99.59%,89.8%,2.7,7501,20592,22674,+202.3%,Cho phép,https://af.uppromote.com/liberty-copper/register,Toàn cầu (Không giới hạn)
40059,BETTER SLEEP - Canada's Premium Weighted Blanket,https://www.better-sleep.ca,"Beauty & Health, Home & Tools, Mom & Kids",10% per order,30,36.84%,89.6%,2.24,18730,24295,30845,+64.7%,Cho phép,https://af.uppromote.com/Better-Sleep/register,Toàn cầu (Không giới hạn)
271122,Semveta,https://semveta.com,Health & Beauty,15% per order,30,84%,89.36%,,22267,33458,33967,+52.5%,Cho phép,https://af.uppromote.com/semveta/register,Toàn cầu (Không giới hạn)
50684,War 'N' Tees,https://warntees.com,"Fashion, Others",21% per order,30,100%,88.89%,1.2,0,1664,4072,+407200.0%,Cho phép,https://af.uppromote.com/WarNTees/register,"U.S. Minor Outlying Islands, U.S. Miscellaneous Pacific Islands, U.S. Virgin Islands, United States"
280037,AnjaysDesigns,https://www.anjaysdesigns.com,Fashion,5% per order,30,No data yet,88.89%,,1471,1986,2313,+57.2%,Cho phép,https://af.uppromote.com/anjaysdesignsjewelry/register,Toàn cầu (Không giới hạn)
112442,AnoaShop,https://www.anoashop.com,"Jewelry & Accessories, Fashion, Others",10% per order,1,96.19%,88.68%,1.3599999999999999,717,1415,4394,+512.8%,Cho phép,https://af.uppromote.com/anoashop/register,Toàn cầu (Không giới hạn)
250681,PestAside,https://pestaside.net,"Baby & Toddler, Electronics, Home & Garden",$10.00 per item,30,0%,88.24%,,2295,4858,8543,+272.2%,Cho phép,https://af.uppromote.com/pestaside/register,Toàn cầu (Không giới hạn)
221859,LEKI Australia Ltd,https://www.lekielectric.com,Automobiles & Motorcycles,5% per order,60,No data yet,88.16%,2.54,9611,12770,15640,+62.7%,Cho phép,https://af.uppromote.com/bsxv20-ja/register,Toàn cầu (Không giới hạn)
90782,Nutraville,https://nutraville.com,"Beauty & Health, Wellness & Lifestyle",15% per order,30,0%,88.1%,2.22,14901,17411,27019,+81.3%,Cho phép,https://af.uppromote.com/nutraville/register,Toàn cầu (Không giới hạn)
211073,Luxsanat,https://luxsanat.com/,"Beauty & Health, Sports & Entertainment, Wellness & Lifestyle",11% per order,30,0%,87.8%,1.54,1067,1270,1781,+66.9%,Cho phép,https://af.uppromote.com/luxsanat/register,"Andorra, Armenia, Australia, Austria, Belgium, Bosnia and Herzegovina, Brazil, Bulgaria, Canada, Chile, Croatia, Cyprus, Czech Republic, Denmark, Estonia, Finland, France, Germany, Gibraltar, Greece, Hong Kong SAR China, Ireland, Italy, Kazakhstan, Latvia, Liechtenstein, Lithuania, Luxembourg, Malta, Mexico, Moldova, Monaco, Montenegro, Morocco, Netherlands, Norway, Poland, Portugal, Romania, Serbia, Serbia and Montenegro, Singapore, Slovakia, Slovenia, Spain, Swaziland, Sweden, Switzerland, Thailand, Turkey, Ukraine, United Kingdom, United States, Uzbekistan"
155922,Rhino Skin Solutions,https://rhinoskinsolutions.com,"Beauty & Health, Wellness & Lifestyle, Fashion",10% per order,30,45.45%,87.78%,,15825,17776,43194,+172.9%,Cho phép,https://af.uppromote.com/rhinoskinsolutions/register,Toàn cầu (Không giới hạn)
21692,VidaVibe Volleyball,http://www.vidavibe.com,Fashion,20% per order,0,86.42%,87.47%,3.6,5961,11468,11698,+96.2%,Cho phép,https://af.uppromote.com/vidavibe/register,Toàn cầu (Không giới hạn)
256617,OnTopic,https://shop.ontopic.app,Toys & Games,25% per order,30,No data yet,86.96%,1.52,0,2430,6954,+695400.0%,Cho phép,https://af.uppromote.com/ontopic-games/register,Toàn cầu (Không giới hạn)
257856,PURELY BELLA,https://purelybellabeauty.com,Health & Beauty,20% per order,30,90%,86.47%,2.62,5219,5809,9496,+82.0%,Cho phép,https://af.uppromote.com/b62077-d0/register,United States
196276,runstar,https://www.runstar.com/,Others,10% per order,7,83.65%,86.18%,2.04,15724,18536,22017,+40.0%,Cho phép,https://af.uppromote.com/RunStar/register,"Australia, Austria, Belgium, Brazil, Canada, Chile, China, Denmark, Fiji, Finland, France, French Guiana, French Polynesia, French Southern Territories, French Southern and Antarctic Territories, Georgia, Germany, Greece, Greenland, Hong Kong SAR China, Hungary, Iceland, Ireland, Italy, Japan, Lebanon, Luxembourg, Macau SAR China, Malaysia, Mexico, Netherlands, New Zealand, Norway, Poland, Portugal, Russia, Singapore, Spain, Sweden, Switzerland, Taiwan, U.S. Minor Outlying Islands, U.S. Miscellaneous Pacific Islands, U.S. Virgin Islands, United Arab Emirates, United Kingdom, United States"
247690,Ever & Ever Baby,https://everandeverbaby.com,Baby & Toddler,12% per order,30,No data yet,84.59%,2.2,4136,8601,9400,+127.3%,Cho phép,https://affiliates.everandeverbaby.com/everandeverbaby/register,Toàn cầu (Không giới hạn)
244236,Koti Store,https://koti.store,Home & Garden,10% per order,30,0%,84%,1.74,3161,6205,9551,+202.2%,Cho phép,https://af.uppromote.com/Kotistore/register,United States
258674,Mont Nero Coffee,https://montnerocoffee.com,"Food, Beverages & Tobacco",10% per order,30,0%,83.33%,1.78,552,952,1756,+218.1%,Cho phép,https://affiliates.montnerocoffee.com/ydibpy-vu/register,Toàn cầu (Không giới hạn)
276089,VEIKK,https://veikk.com,Electronics,5% per order,30,0%,83.33%,,83436,85550,91596,+9.8%,Cho phép,https://af.uppromote.com/veikk/register,Toàn cầu (Không giới hạn)
280676,The High Confectionary,https://www.thehighconfectionary.com,"Beauty & Health, Grocery & Food",15% per order,30,No data yet,83.33%,,5807,5818,6672,+14.9%,Cho phép,https://af.uppromote.com/the-high-confectionary/register,Toàn cầu (Không giới hạn)
113530,TanktopMaster,https://tanktopmaster.fun,"Toys & Hobbies, Computers & Office, Others",20% per order,30,100%,82.81%,1.02,79,320,1235,+1463.3%,Cho phép,https://af.uppromote.com/TanktopMaster/register,Toàn cầu (Không giới hạn)
282302,VEROSHAPE,https://veroshape.com,"Fashion, Uncategorized",10% per order,60,No data yet,82.61%,,6197,11964,39642,+539.7%,Cho phép,https://af.uppromote.com/veroshape/register,Toàn cầu (Không giới hạn)
274840,Neuroblends,https://neuroblends.eu,Grocery & Food,13% per order,30,0%,82.61%,,556,1630,4114,+639.9%,Cho phép,https://af.uppromote.com/30j0zs-hf/register,Toàn cầu (Không giới hạn)
260837,bedrop.de,https://bedrop.de,Health & Beauty,15% per order,10,39.06%,82.54%,2.61,294579,308314,368908,+25.2%,Cho phép,https://af.uppromote.com/bedrop/register,Toàn cầu (Không giới hạn)
66030,XVX Keyboard Channel,https://www.xvxchannel.com,"Gaming, Electronics, Computers & Office",5% per order,30,91.81%,81.83%,3.1,109328,118727,138197,+26.4%,Cho phép,https://af.uppromote.com/xvxchannel/register,Toàn cầu (Không giới hạn)
156169,ROCKBROS-UK,https://rockbrossport.co.uk,Sports & Entertainment,15% per order,30,64.14%,80.65%,3.9,96150,119242,139203,+44.8%,Cho phép,https://affliate.rockbrossport.co.uk/45ea8c-63/register,Toàn cầu (Không giới hạn)
142559,"HAO SHEN TECHNOLOGY INC.,LIMITED",https://shop.gvmled.com/,Electronics,5% per order,30,98.51%,80.23%,3.14,27737,34688,38605,+39.2%,Cho phép,https://af.uppromote.com/gvmled/register,Toàn cầu (Không giới hạn)
262970,Harbor & Thorne,https://harborthorne.com,Apparel & Accessories,15% per order,30,0%,79.82%,2.56,25082,41135,44703,+78.2%,Cho phép,https://af.uppromote.com/harborthorne/register,Toàn cầu (Không giới hạn)
21951,Japanese Green Tea Co.,https://www.japanesegreenteain.com,Grocery & Food,10% per order,30,100%,79.65%,2.06,21604,22703,26525,+22.8%,Cho phép,https://af.uppromote.com/tea/register,Toàn cầu (Không giới hạn)
138128,honighouse,https://honighouse.ch,Grocery & Food,20% per order,30,100%,78.26%,0.94,552,1160,1675,+203.4%,Cho phép,https://af.uppromote.com/0d3c97-5/register,Toàn cầu (Không giới hạn)
236516,Milk & Honey Tallow Company,https://milkandhoneytallow.com,Health & Beauty,10% per order,30,100%,77.27%,1.42,927,1285,1539,+66.0%,Cho phép,https://af.uppromote.com/fc6c78-2/register,Toàn cầu (Không giới hạn)
172744,ClipDifferent,https://clipdifferent.com,"Others, Wellness & Lifestyle, Beauty & Health",15% per order,58,70.27%,76.92%,2.62,4821,5627,8244,+71.0%,Cho phép,https://af.uppromote.com/ClipDifferent/register,Toàn cầu (Không giới hạn)
255786,Egely Wheel,https://egelywheel.com,Religion & Spirituality,$100.00 per item,45,100%,75.86%,,7387,7876,7990,+8.2%,Cho phép,https://affiliate.egelywheel.com/egelywheel/register,Toàn cầu (Không giới hạn)
83220,Kahri by KahriAnne Kerr,https://www.kahri.com,"Fashion, Art",10% per order,30,100%,75.68%,1.27,0,1298,2714,+271400.0%,Cho phép,https://af.uppromote.com/kahrianne-kerr/register,Toàn cầu (Không giới hạn)
142863,Anime Finds,https://www.animefinds.store,"Toys & Hobbies, Jewelry & Accessories, Fashion",10% per order,30,100%,75%,1.34,2140,2709,5105,+138.6%,Cho phép,https://af.uppromote.com/animefinds/register,Toàn cầu (Không giới hạn)
287505,EPOCH ®️,https://byepoch.com,Fashion,15% per order,30,No data yet,75%,,0,8488,56736,+5673600.0%,Cho phép,https://af.uppromote.com/png1yp-wb/register,Toàn cầu (Không giới hạn)
269204,The Snus Outlet,https://thesnusoutlet.com,"Food, Beverages & Tobacco",5% per order,30,0%,75%,,12853,18197,55941,+335.2%,Cho phép,https://af.uppromote.com/nbrpnz-yf/register,Toàn cầu (Không giới hạn)
133573,KUMO HOME,https://kumohomes.com,"Home & Tools, Garden & Outdoors, Others",15% per order,30,75%,74.55%,2.11,4280,7833,8789,+105.4%,Cho phép,https://af.uppromote.com/Kumohome/register,"China, Hong Kong SAR China"
48285,Made For Muffs,https://www.madeformuffs.com.au,"Fashion, Home & Tools, Garden & Outdoors",15% per order,30,100%,73.77%,2.5300000000000002,601,1151,3936,+554.9%,Cho phép,https://af.uppromote.com/made-for-muffs/register,Toàn cầu (Không giới hạn)
261244,Meine-Holzbox,https://www.meine-holzbox.de,Arts & Entertainment,€5.00 per item,30,0%,73.68%,1.99,722,2502,3963,+448.9%,Cho phép,https://af.uppromote.com/meineholzbox/register,Toàn cầu (Không giới hạn)
253778,NAILSAMI,https://nailsami.com,Health & Beauty,10% per order,14,40%,73.17%,1.3900000000000001,10342,12072,18639,+80.2%,Cho phép,https://af.uppromote.com/818ad8-5b/register,Toàn cầu (Không giới hạn)
198334,The Bug Factory,https://bugfactory.co,"Garden & Outdoors, Pet supplies, Others",10% per order,30,No data yet,72.73%,1.32,1886,1978,2195,+16.4%,Cho phép,https://af.uppromote.com/bug-factory/register,"Canada, United States"
206349,Cellutrex,https://cellutrex.com,"Wellness & Lifestyle, Grocery & Food, Beauty & Health",10% per order,30,42.28%,71.74%,2.32,2777,3140,4336,+56.1%,Cho phép,https://af.uppromote.com/cellutrex/register,Toàn cầu (Không giới hạn)
179183,DotCard,https://dotcardusa.com,Gaming,10% per order,30,No data yet,71.43%,0.94,0,174,1707,+170700.0%,Cho phép,https://af.uppromote.com/dotcard/register,Toàn cầu (Không giới hạn)
263352,Weighplate,https://weighplate.com,"Education & Training, Beauty & Health, Wellness & Lifestyle",10% per order,30,0%,71.43%,,141,637,2317,+1543.3%,Cho phép,https://af.uppromote.com/weighplate-se/register,Toàn cầu (Không giới hạn)
214080,Duri Cosmetics,https://duri.com,Beauty & Health,20% per order,90,0%,70.89%,2.3,6588,7559,8789,+33.4%,Cho phép,https://af.uppromote.com/duri-nails-cosmetics/register,Toàn cầu (Không giới hạn)
46453,DeColonaise Hair and Body,https://decolonaise.com,"Beauty & Health, Wellness & Lifestyle, Fashion",15% per order,30,100%,69.7%,1.37,478,948,2034,+325.5%,Cho phép,https://af.uppromote.com/decolonaise/register,Toàn cầu (Không giới hạn)
114358,STUDIOFINIX,https://studiofinix.com,Garden & Outdoors,10% per order,360,No data yet,68.42%,0.97,2429,2705,4224,+73.9%,Cho phép,https://af.uppromote.com/73402f/register,Toàn cầu (Không giới hạn)
172894,High Brands,https://highbrands.pt,"Beauty & Health, Wellness & Lifestyle",10% per order,30,0%,67.65%,,1067,1460,1525,+42.9%,Cho phép,https://af.uppromote.com/highbrands/register,Toàn cầu (Không giới hạn)
192605,TOA Waters,https://toawaters.com,Beauty & Health,15% per order,30,100%,66.67%,1.8599999999999999,2217,3134,4135,+86.5%,Cho phép,https://af.uppromote.com/ffcc22-3/register,"Canada, United Kingdom, United States"
171628,Enchant Brands,https://enchantbrands.com,"Beauty & Health, Sports & Entertainment",$10.00 per item,30,11.11%,66.67%,1.76,1620,1689,1976,+22.0%,Cho phép,https://af.uppromote.com/b97aa8-cd/register,United States
106017,SimpleCanvas,https://simple-canvas.com,"Home & Tools, Art, Others",10% per order,30,100%,66.67%,1.22,0,44,161,+16100.0%,Cho phép,https://af.uppromote.com/simplecanvasde/register,Toàn cầu (Không giới hạn)
281535,Jendue,https://jendue.com,Fashion,15% per order,30,No data yet,66.67%,,3471,3868,4489,+29.3%,Cho phép,https://af.uppromote.com/jendue-us/register,Toàn cầu (Không giới hạn)
84883,SVAKOM,https://www.svakom.com,Beauty & Health,20% per order,90,85.08%,65.37%,4,235915,276123,301967,+28.0%,Cho phép,https://af.uppromote.com/svakom-store/register,Toàn cầu (Không giới hạn)
219365,Pure Frequencies,https://purefrequencies.com,"Beauty & Health, Wellness & Lifestyle",25% per order,30,60.6%,65.19%,4.05,88886,103060,104101,+17.1%,Cho phép,https://af.uppromote.com/0wj4kt-20/register,Toàn cầu (Không giới hạn)
149691,Sheetify CRM,https://www.sheetifycrm.com,"Software & Digital products, Computers & Office, Phone & Telecommunication",30% per order,30,94.31%,64.9%,3.38,21683,26615,29761,+37.3%,Cho phép,https://af.uppromote.com/sheetifycrm/register,Toàn cầu (Không giới hạn)
168106,Wanderwell,https://thewanderwellco.com,Fashion,20% per order,30,0%,64%,0.72,5583,5988,9379,+68.0%,Cho phép,https://af.uppromote.com/c62efa-3/register,Toàn cầu (Không giới hạn)
76804,Brie's,https://bries.fit,"Fashion, Beauty & Health",10% per order,30,100%,63.41%,1.8599999999999999,0,1174,3211,+321100.0%,Cho phép,https://af.uppromote.com/bries-bars-fit-treats/register,Toàn cầu (Không giới hạn)
209852,Showitty,https://www.showitty.com,"Fashion, Sports & Entertainment, Mom & Kids",15% per order,30,97.83%,63.37%,3.35,2982,3841,4543,+52.3%,Cho phép,https://af.uppromote.com/showitty/register,Toàn cầu (Không giới hạn)
231643,EDC Coffee & Tea,https://edcbrew.com,"Grocery & Food, Travel, Wellness & Lifestyle",10% per order,30,33.33%,62.86%,1.98,784,1566,1822,+132.4%,Cho phép,https://affiliates.edcbrew.com/edc-coffee-co/register,Toàn cầu (Không giới hạn)
261881,Daebak,https://daebak.co,"Health & Beauty, Food, Beverages & Tobacco, Arts & Entertainment",10% per order,30,30%,61.9%,,35667,38390,40313,+13.0%,Cho phép,https://af.uppromote.com/daebakbox/register,Toàn cầu (Không giới hạn)
101073,Orangme,https://orangme.com,"Home & Tools, Garden & Outdoors, Art",12% per order,30,50%,61.87%,1.79,6752,7388,8322,+23.3%,Cho phép,https://af.uppromote.com/Orangme/register,Toàn cầu (Không giới hạn)
95500,Well Read Company USA,https://us.wellreadcompany.com,Fashion,10% per order,90,95.16%,60.56%,2.52,1685,4082,4633,+175.0%,Cho phép,https://affiliates.wellreadcompany.com/wellreadcompanyusa/register,Toàn cầu (Không giới hạn)
120122,ZenPur,https://www.zenpursleep.com,Home & Tools,10% per order,30,7.14%,60.24%,2.4,15284,16397,47577,+211.3%,Cho phép,https://af.uppromote.com/zenpur-sleep/register,Toàn cầu (Không giới hạn)
247426,my-peptides,https://my-peptides.co.uk,Health & Beauty,£15.00 per order,1,0%,58.27%,2.2800000000000002,10202,19457,24009,+135.3%,Cho phép,https://af.uppromote.com/my-peptides/register,Toàn cầu (Không giới hạn)
195620,Ergo Essentials,https://ergoessentials.co,"Computers & Office, Furniture, Wellness & Lifestyle",10% per order,30,0%,57.69%,1.22,1726,1839,2375,+37.6%,Cho phép,https://af.uppromote.com/9db694-95/register,Toàn cầu (Không giới hạn)
246872,City Wise Deals,https://citywisedeals.com,"Health & Beauty, Electronics",$45.00 per item,30,No data yet,56%,1.47,69,614,765,+1008.7%,Cho phép,https://af.uppromote.com/CityWiseDeals/register,Toàn cầu (Không giới hạn)
284041,Spascriptions,https://spascriptions.com,Beauty & Health,15% per order,30,No data yet,55.56%,,1640,2589,11130,+578.7%,Cho phép,https://af.uppromote.com/new-gbc/register,Toàn cầu (Không giới hạn)
237544,Kameo Sleep,https://www.kameosleep.nl,Furniture,20% per order,30,0%,54.22%,2.43,10695,11110,13721,+28.3%,Cho phép,https://af.uppromote.com/kameosleep/register,Toàn cầu (Không giới hạn)
239203,NUTRIQ,https://nutriq.health,Beauty & Health,20% per order,1,94.6%,54.05%,4.3,34826,78701,82218,+136.1%,Cho phép,https://af.uppromote.com/nutriq-nutrition/register,Toàn cầu (Không giới hạn)
272093,Solubrae,https://solubrae.com,"Food, Beverages & Tobacco",15% per order,60,100%,53.33%,,1156,4504,8629,+646.5%,Cho phép,https://affiliates.solubrae.com/bi2tvd-6t/register,Toàn cầu (Không giới hạn)
271998,PreLoved & Luxe,https://www.prelovedandluxe.com,"Luggage & Bags, Apparel & Accessories",12% per order,30,No data yet,52.38%,,1481,2592,3534,+138.6%,Cho phép,https://af.uppromote.com/b0aap6-gy/register,Toàn cầu (Không giới hạn)
229854,NUITE®,https://nuite.co,"Beauty & Health, Fashion, Wellness & Lifestyle",15% per order,30,91.07%,52.11%,2.33,5217,7350,8807,+68.8%,Cho phép,https://af.uppromote.com/19096a-a6/register,Toàn cầu (Không giới hạn)
66834,Kahuna Creations,https://kahunacreations.com,"Sports & Entertainment, Others",10% per order,30,88.32%,51.96%,2.07,3736,5240,6338,+69.6%,Cho phép,https://af.uppromote.com/kahunacreations/register,United States
145335,Blank Canvas Bookstore,https://www.blankcanvasbookstore.com,"Home & Tools, Books, Art",8% per order,30,87.5%,50%,2.42,7336,8521,15226,+107.6%,Cho phép,https://af.uppromote.com/blankcanvasbookstore/register,Toàn cầu (Không giới hạn)
286613,Lumina Pro,https://www.luminapro.co,"Beauty & Health, Garden & Outdoors, Bundles",8% per order,30,No data yet,50%,,10909,11011,15277,+40.0%,Cho phép,https://af.uppromote.com/luminapro/register,Toàn cầu (Không giới hạn)
211168,Black Clover,https://blackcloverusa.com,"Fashion, Others, Sports & Entertainment",10% per order,30,63.24%,49.28%,2.91,97576,113391,114933,+17.8%,Cho phép,https://af.uppromote.com/new-blackclover/register,Toàn cầu (Không giới hạn)
136097,Try Modest Limited,https://trymodest.com,Fashion,10% per order,30,95.24%,48.72%,1.34,2788,3767,4115,+47.6%,Cho phép,https://af.uppromote.com/trymodest/register,Toàn cầu (Không giới hạn)
252299,BangOn,https://www.bangonstore.com,Apparel & Accessories,15% per order,27,No data yet,48.65%,1.5899999999999999,3770,4026,4139,+9.8%,Cho phép,https://af.uppromote.com/bangon/register,Toàn cầu (Không giới hạn)
252429,Minifigure Mart,https://minifiguremart.com,Toys & Games,5% per order,30,No data yet,48.28%,2.08,2143,3930,4338,+102.4%,Cho phép,https://af.uppromote.com/MinifigureMart/register,Toàn cầu (Không giới hạn)
1613,Bearfoot,https://bearfoot.store,"Wellness & Lifestyle, Retail & Consumer goods, Others",10% per order,3,54.69%,46.73%,,69615,96048,102958,+47.9%,Cho phép,https://af.uppromote.com/bearfoot/register,United States
272932,Sporty Eyewear,https://www.sportyeyewear.com,Health & Beauty,10% per order,45,No data yet,46.67%,,0,560,1458,+145800.0%,Cho phép,https://af.uppromote.com/zpixeb-xz/register,Toàn cầu (Không giới hạn)
53445,Print Me Shirts,https://printmeshirts.com,Fashion,10% per order,15,100%,46.28%,2.19,2956,4368,4432,+49.9%,Cho phép,https://af.uppromote.com/print-me-shirts/register,Toàn cầu (Không giới hạn)
77515,Octopied Mind Inc.,https://octopiedmind.com,Fashion,0.00% per order,30,97.4%,42.91%,4.18,75695,120370,201607,+166.3%,Cho phép,https://af.uppromote.com/octopiedmind/register,Toàn cầu (Không giới hạn)
156864,DTNO.1 Global Store,https://store.dtno1.com,"Sports & Entertainment, Electronics",8% per order,30,87.35%,42.86%,3.12,16534,22282,23911,+44.6%,Cho phép,https://af.uppromote.com/a085d7-6/register,Toàn cầu (Không giới hạn)
250933,Mama's Dream,https://www.mamasdreamofficial.com,Baby & Toddler,12% per order,30,No data yet,42.86%,,0,6864,11204,+1120400.0%,Cho phép,https://af.uppromote.com/qgjag1-m7/register,United States
54401,Canvast Supply Co.,https://canvastsupplyco.com,"Beauty & Health, Retail & Consumer goods, Wellness & Lifestyle",10% per order,30,75.36%,42.11%,2.75,16779,18954,22320,+33.0%,Cho phép,https://af.uppromote.com/canvassupplyco/register,United States
104047,RaveBeetle,https://www.ravebeetle.com,Fashion,10% per order,30,67.85%,41.75%,3.88,18120,18692,24755,+36.6%,Cho phép,https://af.uppromote.com/ravebeetle/register,Toàn cầu (Không giới hạn)
102403,Maria Kane,https://mariakane.shop,Beauty & Health,10% per order,30,No data yet,40%,0.87,9878,10465,11559,+17.0%,Cho phép,https://af.uppromote.com/maria-kane/register,Toàn cầu (Không giới hạn)
243624,Just Knate,https://justknate.com,Apparel & Accessories,20% per order,30,No data yet,39.29%,1.54,7092,8035,10595,+49.4%,Cho phép,https://af.uppromote.com/f35954-6e/register,Toàn cầu (Không giới hạn)
132227,SEDZ,https://www.sedz.co.uk,"Sports & Entertainment, Fashion",12.50% per order,30,No data yet,38.1%,1.44,0,228,1075,+107500.0%,Cho phép,https://af.uppromote.com/805fe4/register,Toàn cầu (Không giới hạn)
11448,CleanAF CBD,https://cleanafcbd.com,"Beauty & Health, Others, Wellness & Lifestyle",20% per order,30,23.17%,37.08%,3.44,14431,19116,22941,+59.0%,Cho phép,https://af.uppromote.com/cleanaf-cbd/register,Toàn cầu (Không giới hạn)
86685,Heritage Traditions,https://www.heritage-traditions.com,Fashion,10% per order,30,90.94%,35.9%,3.68,6904,9662,11550,+67.3%,Cho phép,https://af.uppromote.com/heritage-traditions-country-goods/register,Toàn cầu (Không giới hạn)
211587,Value Blinds,https://valueblindsdirect.com,"Home & Tools, Garden & Outdoors",10% per order,30,0%,35.48%,1.42,4267,8367,10180,+138.6%,Cho phép,https://af.uppromote.com/nacd0k-04/register,Toàn cầu (Không giới hạn)
69485,YG COLLECTION,https://www.ygcollection.com,Fashion,15% per order,30,99.03%,32.45%,2.46,2861,2976,4288,+49.9%,Cho phép,https://af.uppromote.com/ygcollection/register,Toàn cầu (Không giới hạn)
268478,PECRON,https://www.pecron.no,Electronics,15% per order,180,0%,32.14%,,4402,5196,5787,+31.5%,Cho phép,https://af.uppromote.com/percon-new/register,Toàn cầu (Không giới hạn)
165060,ElkoyTCG,https://elkoytcg.com,Toys & Hobbies,10% per order,30,57.32%,31.91%,2.93,37044,44851,56256,+51.9%,Cho phép,https://af.uppromote.com/elkoytcg/register,Toàn cầu (Không giới hạn)
120221,ZNOOZ,https://www.znoozbeds.com/,Pet supplies,20% per order,30,78.77%,29.33%,3.82,9023,10601,19735,+118.7%,Cho phép,https://af.uppromote.com/znoozbeds/register,Toàn cầu (Không giới hạn)
86826,Good Bru,https://goodbru.com,"Beauty & Health, Grocery & Food, Wellness & Lifestyle",15% per order,30,95.81%,28.57%,3.1,18303,27665,40571,+121.7%,Cho phép,https://af.uppromote.com/good-bru/register,Toàn cầu (Không giới hạn)
264819,TYH Boutique,https://tyhboutique.com,Apparel & Accessories,10% per order,30,100%,27.78%,2.19,23026,27242,36235,+57.4%,Cho phép,https://af.uppromote.com/tyhbtq/register,Toàn cầu (Không giới hạn)
201112,En Love Beauty,https://enlovebeauty.com,Beauty & Health,15% per order,60,0%,27.78%,1.19,4256,7760,7779,+82.8%,Cho phép,https://af.uppromote.com/40a3ac-2/register,United States
286270,Moleaway,https://moleaway.de,Garden & Outdoors,30% per order,30,No data yet,26.09%,,1279,2403,2745,+114.6%,Cho phép,https://af.uppromote.com/b36746-fa/register,Toàn cầu (Không giới hạn)
196196,The Rabbit Company,https://www.therabbitcompany.com,"Others, Adult products",10% per order,30,11.11%,24.72%,1.96,23460,51914,58484,+149.3%,Cho phép,https://af.uppromote.com/the-rabbit-company-com/register,Toàn cầu (Không giới hạn)
253585,AllSportsWearUSA,https://allsportswearusa.com,"Sporting Goods, Luggage & Bags, Apparel & Accessories",10% per order,30,33.33%,24.55%,3.29,23104,26096,26539,+14.9%,Cho phép,https://af.uppromote.com/63bef3-2/register,Toàn cầu (Không giới hạn)
259516,Luna & Eve,https://lunaandeve.com,Baby & Toddler,8% per order,30,100%,24.49%,2.12,17457,17910,32755,+87.6%,Cho phép,https://af.uppromote.com/lunaandeve/register,Toàn cầu (Không giới hạn)
261890,Mattress Supermarket,https://www.mattresssupermarket.co.uk,Furniture,12% per order,30,10.26%,23.75%,2.92,49915,58567,65270,+30.8%,Cho phép,https://af.uppromote.com/3z0kk9-9j/register,Toàn cầu (Không giới hạn)
271951,Furia Furniture,https://furiafurniture.com,Furniture,10% per order,30,0%,23.53%,,195,1209,1676,+759.5%,Cho phép,https://af.uppromote.com/hwekis-r6/register,Toàn cầu (Không giới hạn)
204578,PRODUCT WORLD USA,https://productworldusa.com,"Others, Sports & Entertainment, Garden & Outdoors",10% per order,30,No data yet,23.08%,0.85,823,2107,2111,+156.5%,Cho phép,https://af.uppromote.com/productworldusa/register,Toàn cầu (Không giới hạn)
209284,Cloud Cola,https://cloudcolastore.com,Grocery & Food,20% per order,60,0%,20.69%,1.94,3148,4138,4880,+55.0%,Cho phép,https://af.uppromote.com/cloucola/register,United States
190774,Saltwater Picnic Co.,https://saltwaterpicnic.co,"Garden & Outdoors, Others",10% per order,30,87.17%,20.45%,1.79,11414,17204,31198,+173.3%,Cho phép,https://af.uppromote.com/saltwater-picnic-co/register,Toàn cầu (Không giới hạn)
263078,Local Love By Lauren,https://locallovebylauren.com,Apparel & Accessories,7% per order,30,100%,20%,1.32,993,1679,1683,+69.5%,Cho phép,https://af.uppromote.com/d192c0-48/register,Toàn cầu (Không giới hạn)
281464,Nautical Lake Art,https://lakeart.com,Garden & Outdoors,15% per order,30,No data yet,19.23%,,10273,13300,21485,+109.1%,Cho phép,https://af.uppromote.com/beneath-the-sail/register,Toàn cầu (Không giới hạn)
255913,3 Baristas Coffee Roasters,https://3baristasorganic.com,"Food, Beverages & Tobacco",12% per order,30,No data yet,19.05%,1.17,126,778,1581,+1154.8%,Cho phép,https://af.uppromote.com/3-baristas-coffee/register,Toàn cầu (Không giới hạn)
197138,RYPT,https://ryptfit.com/products/gryp,Sports & Entertainment,15% per order,30,81.28%,18.87%,2.82,5788,8278,10373,+79.2%,Cho phép,https://af.uppromote.com/ryptfit/register,Toàn cầu (Không giới hạn)
284478,Rivgent,https://www.rivgent.com,"Fashion, Sports & Entertainment",5% per order,7,No data yet,18.18%,,0,1200,2731,+273100.0%,Cho phép,https://af.uppromote.com/j1sdki-1p/register,Toàn cầu (Không giới hạn)
250367,MWE360 photo booth,https://www.mwe360.com,Cameras & Optics,5% per order,30,No data yet,18%,1.56,2481,3263,5787,+133.3%,Cho phép,https://af.uppromote.com/marvel-technology-store/register,Toàn cầu (Không giới hạn)
189135,Campus Greek Fit,https://campusgreekfit.com,"Home & Tools, Retail & Consumer goods, Art",8% per order,30,100%,16.67%,1.67,2007,2601,4332,+115.8%,Cho phép,https://af.uppromote.com/campusgreekfit/register,United States
270656,Xenon Smart,https://shop.xenonsmart.com,Electronics,3% per order,30,No data yet,16%,,35147,35962,42803,+21.8%,Cho phép,https://marketing.xenonsmart.com/xenonsmart/register,Toàn cầu (Không giới hạn)
129824,Brace Direct,https://bracedirect.com,Beauty & Health,20% per order,30,63.01%,15.27%,3.3,70068,86806,104538,+49.2%,Cho phép,https://af.uppromote.com/bracedirect/register,"Albania, Algeria, American Samoa, Andorra, Angola, Anguilla, Antarctica, Antigua and Barbuda, Argentina, Armenia, Aruba, Australia, Austria, Azerbaijan, Bahamas, Bahrain, Bangladesh, Barbados, Belarus, Belgium, Belize, Benin, Bermuda, Bhutan, Bolivia, Bosnia and Herzegovina, Botswana, Bouvet Island, Brazil, British Antarctic Territory, British Indian Ocean Territory, British Virgin Islands, Brunei, Bulgaria, Burkina Faso, Burundi, Canada, Canton and Enderbury Islands, Cape Verde, Cayman Islands, Chad, Chile, China, Christmas Island, Cocos [Keeling] Islands, Colombia, Comoros, Congo - Brazzaville, Congo - Kinshasa, Cook Islands, Costa Rica, Croatia, Cuba, Cyprus, Czech Republic, Côte d’Ivoire, Denmark, Djibouti, Dominica, Dominican Republic, Dronning Maud Land, Ecuador, Egypt, El Salvador, Equatorial Guinea, Eritrea, Estonia, Ethiopia, Falkland Islands, Faroe Islands, Fiji, Finland, France, French Guiana, French Polynesia, French Southern Territories, French Southern and Antarctic Territories, Gabon, Gambia, Georgia, Germany, Gibraltar, Greece, Greenland, Grenada, Guadeloupe, Guam, Guatemala, Guernsey, Guinea, Guinea-Bissau, Guyana, Haiti, Heard Island and McDonald Islands, Honduras, Hong Kong SAR China, Hungary, Iceland, India, Indonesia, Ireland, Isle of Man, Israel, Italy, Jamaica, Japan, Jersey, Johnston Island, Jordan, Kazakhstan, Kiribati, Kyrgyzstan, Laos, Latvia, Lebanon, Lesotho, Liberia, Libya, Liechtenstein, Lithuania, Luxembourg, Macau SAR China, Macedonia, Madagascar, Malawi, Malaysia, Maldives, Mali, Malta, Marshall Islands, Martinique, Mauritania, Mauritius, Mayotte, Metropolitan France, Mexico, Micronesia, Midway Islands, Moldova, Monaco, Mongolia, Montenegro, Montserrat, Morocco, Mozambique, Myanmar [Burma], Namibia, Nauru, Nepal, Netherlands, Netherlands Antilles, Neutral Zone, New Caledonia, New Zealand, Nicaragua, Niue, Norfolk Island, North Korea, Northern Mariana Islands, Norway, Pacific Islands Trust Territory, Pakistan, Palau, Palestinian Territories, Panama, Panama Canal Zone, Papua New Guinea, Paraguay, People's Democratic Republic of Yemen, Peru, Philippines, Pitcairn Islands, Poland, Portugal, Puerto Rico, Romania, Russia, Rwanda, Réunion, Saint Barthélemy, Saint Helena, Saint Kitts and Nevis, Saint Lucia, Saint Martin, Saint Pierre and Miquelon, Saint Vincent and the Grenadines, Samoa, San Marino, Senegal, Serbia, Serbia and Montenegro, Seychelles, Sierra Leone, Singapore, Slovakia, Slovenia, Solomon Islands, Somalia, South Africa, South Georgia and the South Sandwich Islands, South Korea, Spain, Sri Lanka, Sudan, Suriname, Svalbard and Jan Mayen, Swaziland, Sweden, Switzerland, Syria, São Tomé and Príncipe, Taiwan, Tajikistan, Tanzania, Thailand, Timor-Leste, Togo, Tokelau, Tonga, Trinidad and Tobago, Tunisia, Turkey, Turkmenistan, Turks and Caicos Islands, Tuvalu, U.S. Minor Outlying Islands, U.S. Miscellaneous Pacific Islands, U.S. Virgin Islands, Uganda, Ukraine, United Arab Emirates, United Kingdom, United States, Unknown or Invalid Region, Uruguay, Uzbekistan, Vanuatu, Vatican City, Venezuela, Vietnam, Wake Island, Wallis and Futuna, Western Sahara, Yemen, Zambia, Zimbabwe"
242696,UTV Mountain Accessories,https://www.utvmountainaccessories.com,Vehicles & Parts,10% per order,30,0%,14.29%,2.07,3304,3327,3808,+15.3%,Cho phép,https://af.uppromote.com/utvma/register,Toàn cầu (Không giới hạn)
96989,Otway & Orford,https://www.otwayorford.co.uk,Fashion,10% per order,30,100%,12.2%,1.25,273,2605,3498,+1181.3%,Cho phép,https://af.uppromote.com/otway-orford/register,Toàn cầu (Không giới hạn)
41219,Sunny Health & Fitness,https://sunnyhealthfitness.com/?nb_platform=uppromote,"Beauty & Health, Sports & Entertainment, Home & Tools",Up to 15%,30,94.78%,11.8%,3.35,279453,322221,341454,+22.2%,Cho phép,https://af.uppromote.com/sunny-health-fitness/register,Toàn cầu (Không giới hạn)
256530,Goldie Links,https://goldie-links.com,Apparel & Accessories,10% per order,30,No data yet,11.63%,1.92,115,546,2994,+2503.5%,Cho phép,https://af.uppromote.com/goldie-links/register,Toàn cầu (Không giới hạn)
217467,Zellart Canvas Prints,https://www.zellart.com,"Home & Tools, Art",30% per order,30,No data yet,9.68%,1.02,2614,3928,4320,+65.3%,Cho phép,https://af.uppromote.com/zellartco/register,Toàn cầu (Không giới hạn)
104979,GPS Training,https://gpstraining.co.uk,"Garden & Outdoors, Electronics",4% per order,30,95.79%,8.38%,2.33,34228,34662,42857,+25.2%,Cho phép,https://af.uppromote.com/gps-training/register,Toàn cầu (Không giới hạn)
201925,Bluapple,https://thebluapple.com,"Grocery & Food, Others",10% per order,30,99.55%,7.69%,3.65,5837,7118,14397,+146.7%,Cho phép,https://af.uppromote.com/bluapple/register,United States
71257,Pam Pam Plant-based Asian Meals,https://pampam.com.au,Grocery & Food,10% per order,30,100%,7.21%,1.62,14356,18135,19448,+35.5%,Cho phép,https://af.uppromote.com/pam-pam/register,Toàn cầu (Không giới hạn)
255102,casaleo,https://casaleo.store,Apparel & Accessories,10% per order,30,No data yet,6.06%,1.67,1820,1922,2173,+19.4%,Cho phép,https://af.uppromote.com/casaleo/register,Toàn cầu (Không giới hạn)
191939,Hofgut Stöcken,https://www.hofgut-stoecken.de,Grocery & Food,10% per order,30,82.69%,5.33%,1.96,12068,14911,24567,+103.6%,Cho phép,https://af.uppromote.com/teststoresplothe/register,Toàn cầu (Không giới hạn)
246822,EBIKECAN,https://www.ebikecan.ca,"Vehicles & Parts, Sporting Goods",5% per order,30,No data yet,1.85%,1.17,5204,5532,5971,+14.7%,Cho phép,https://af.uppromote.com/64661d-2/register,Toàn cầu (Không giới hạn)
198270,Follicly,https://follicly.com,Beauty & Health,20% per order,30,64.1%,0%,3.08,39194,43036,72779,+85.7%,Cho phép,https://af.uppromote.com/follicly/register,Toàn cầu (Không giới hạn)
125995,BEVIGOR,https://www.bevigor.com,"Home & Tools, Retail & Consumer goods",10% per order,30,No data yet,No data yet,0.94,2850,4626,5080,+78.2%,Cho phép,https://af.uppromote.com/bevigor/register,Toàn cầu (Không giới hạn)
257804,isetta.shop,https://www.isetta.shop,Apparel & Accessories,12% per order,30,No data yet,0%,0.92,707,1141,2710,+283.3%,Cho phép,https://af.uppromote.com/iexjwu-up/register,Toàn cầu (Không giới hạn)
278928,Smirk®,https://getsmirk.com,Beauty & Health,40% per order,30,No data yet,0%,,10402,12488,19013,+82.8%,Cho phép,https://af.uppromote.com/get-smirk/register,Toàn cầu (Không giới hạn)
277546,CocoTaps,https://cocolovewater.com,"Grocery & Food, Beauty & Health",13% per order,30,No data yet,0%,,4763,9064,12368,+159.7%,Cho phép,https://af.uppromote.com/cocotaps/register,Toàn cầu (Không giới hạn)
264151,Spoiler Golf,https://spoilergolf.com,Sporting Goods,15% per order,30,No data yet,0%,,1797,7124,7333,+308.1%,Cho phép,https://af.uppromote.com/spoilerputter/register,Toàn cầu (Không giới hạn)
285701,Isola,https://isolaworld.com,Fashion,15% per order,30,No data yet,No data yet,,162,2265,2647,+1534.0%,Cho phép,https://af.uppromote.com/xsmcwa-i9/register,Toàn cầu (Không giới hạn)
284157,Backyard Pyre,https://backyardpyre.com,"Garden & Outdoors, Furniture",11% per order,30,No data yet,No data yet,,296,1048,2464,+732.4%,Cho phép,https://af.uppromote.com/zr1qsz-xn/register,Toàn cầu (Không giới hạn)
